Speaker,File,Seg,Code,Position,Prev.Seg,Long.Short,Duration,Word,Duration_in_ms
DOG,LA_1226d1u1,s,#V,Final,a:,long,0.087418714,spás,87.418714
DOG,LA_1226d1u1,s,#V,Final,a:,long,0.110460948,bás,110.460948
DOG,LA_1226d1u1,d,#C,Final,e:,long,0.104375739,chéad,104.375739
DOG,LA_1226d1u1,d,#C,Final,uu,short,0.113824761,troid,113.824761
DOG,LA_1226d1u1,d,#C,Final,uu,short,0.113824761,troid,113.824761
DOG,LA_1226d1u1,d,#V,Final,uu,short,0.104116191,troid,104.116191
DOG,LA_1226d1u1,d,#V,Final,E,short,0.120132806,chéad,120.132806
DOG,LA_1226d1u1,g,#C,Final,o:,long,0.087491416,Thóg,87.491416
DOG,LA_1226d1u1,g,#V,Final,E,short,0.087635256,beag,87.635256
DOG,LA_1226d1u1,g,#V,Final,uu,short,0.107464775,thug,107.464775
DOG,LA_1226d1u1,l,#C,Final,a:,long,0.036541413,fáil,36.541413
DOG,LA_1226d1u1,l,#V,Final,uu,short,0.035178546,Bhfuil,35.178546
DOG,LA_1226d1u1,l,#V,Final,a,short,0.06029734,faill,60.29734
DOG,LA_1226d1u1,l,#P,Final,i:,long,0.09426573,dhíol,94.26573
DOG,LA_1226d1u1,n,#C,Final,a,short,0.154000008,gleann,154.000008
DOG,LA_1226d1u1,n,#C,Final,a,short,0.094155294,ghleann,94.155294
DOG,LA_1226d1u1,n,#C,Final,ee,short,0.075839243,ceann,75.839243
DOG,LA_1226d1u1,n,#V,Final,a,short,0.05244472,bhean,52.44472
DOG,LA_1226d1u1,n,#V,Final,a,short,0.039073,bhean,39.073
DOG,LA_1226d1u1,n,#V,Final,a,short,0.026640188,bhean,26.640188
DOG,LA_1226d1u1,n,#P,Final,a,short,0.057313509,bean,57.313509
DOG,LA_1227d1u1,k,#V,Final,E,short,0.141501102,beag,141.501102
DOG,LA_1227d1u1,s,#V,Final,a:,long,0.201619449,fás,201.619449
DOG,LA_1227d1u1,d,#V,Final,a:,long,0.095447783,bhfad,95.447783
DOG,LA_1227d1u1,d,#V,Final,uu,short,0.137126188,chuid,137.126188
DOG,LA_1227d1u1,d,#V,Final,oo,short,0.087414818,troid,87.414818
DOG,LA_1227d1u1,d,#V,Final,a,short,0.072232352,bhfad,72.232352
DOG,LA_1227d1u1,d,#P,Final,a,short,0.15689003,bhfad,156.89003
DOG,LA_1227d1u1,g,#V,Final,a:,long,0.041217635,ghrág,41.217635
DOG,LA_1227d1u1,g,#P,Final,a,short,0.227825,flag,227.825
DOG,LA_1227d1u1,l,#V,Final,e:,long,0.052066407,scéal,52.066407
DOG,LA_1227d1u1,l,#V,Final,oo,short,0.050697073,goil,50.697073
DOG,LA_1227d1u1,l,#P,Final,a,short,0.119776,thall,119.776
DOG,LA_1227d1u1,n,#C,Final,i:,long,0.087712524,mbíonn,87.712524
DOG,LA_1227d1u1,n,#C,Final,E,short,0.129630189,ceann,129.630189
DOG,LA_1227d1u1,n,#V,Final,ii,short,0.056328,shin,56.328
DOG,LA_1227d1u1,n,#V,Final,ee,short,0.113040324,cheann,113.040324
DOG,LA_1227d1u1,n,#V,Final,ee,short,0.068231005,cheann,68.231005
DOG,LA_1227d1u1,n,#P,Final,a,short,0.14731832,ann,147.31832
DOG,LA_1227d1u1,n,#P,Final,E,short,0.155858231,cheann,155.858231
SOC,LA_1228d1u1,d,#C,Final,uu,short,0.130771494,gcuid,130.771494
SOC,LA_1228d1u1,d,#C,Final,a,short,0.120224,fhad,120.224
SOC,LA_1228d1u1,m,#V,Final,a,short,0.060079,am,60.079
SOC,LA_1228d2u1,d,#C,Final,e:,long,0.073854,Shéid,73.854
SOC,LA_1228d2u1,l,#C,Final,a:,long,0.071206,fháil,71.206
SOC,LA_1228d2u1,l,#C,Final,a:,long,0.053952,fháil,53.952
SOC,LA_1228d2u1,l,#C,Final,u:,long,0.061908,ndúil,61.908
SOC,LA_1228d2u1,l,#V,Final,a,short,0.049635124,mBaile,49.635124
SOC,LA_1228d2u1,l,#V,Final,ii,short,0.080529,Phill,80.529
SOC,LA_1228d2u1,l,#V,Final,oo,short,0.026361,goil,26.361
SOC,LA_1228d2u1,l,#P,Final,oo,short,0.035342,goil,35.342
SOC,LA_1228d2u1,n,#C,Final,a:,long,0.099394,ndán,99.394
SOC,LA_1228d2u1,n,#C,Final,oo,short,0.040208,don,40.208
SOC,LA_1228d2u1,n,#V,Final,o:,long,0.064639229,tóin,64.639229
SOC,LA_1228d2u1,n,#V,Final,a,short,0.046609715,gan,46.609715
SOC,LA_1229d1u1,k,#C,Final,a,short,0.074513,Ghlac,74.513
SOC,LA_1229d1u1,k,#V,Final,a,short,0.195512813,mac,195.512813
SOC,LA_1229d1u1,k,#V,Final,a,short,0.257233163,mac,257.233163
SOC,LA_1229d1u1,s,#V,Final,ii,short,0.089332,leis,89.332
SOC,LA_1229d1u1,ss,#P,Final,oo,short,0.060225,gcois,60.225
SOC,LA_1229d1u1,g,#C,Final,uu,short,0.059936804,thug,59.936804
SOC,LA_1229d1u1,g,#C,Final,E,short,0.13735651,chreag,137.35651
SOC,LA_1229d1u1,g,#C,Final,uu,short,0.063543341,thug,63.543341
SOC,LA_1229d1u1,g,#V,Final,a:,long,0.075455,fhág,75.455
SOC,LA_1229d1u1,g,#V,Final,E,short,0.101216,chreag,101.216
SOC,LA_1229d1u1,g,#V,Final,uu,short,0.062216,thug,62.216
SOC,LA_1229d1u1,g,#V,Final,uu,short,0.103319,thug,103.319
SOC,LA_1229d1u1,g,#V,Final,a,short,0.063478,chuig,63.478
SOC,LA_1229d1u1,l,#C,Final,a:,long,0.049987,bál,49.987
SOC,LA_1229d1u1,l,#C,Final,e:,long,0.070862,scéal,70.862
SOC,LA_1229d1u1,l,#V,Final,oo,short,0.058946,goil,58.946
SOC,LA_1229d1u1,l,#V,Final,e:,long,0.055725,scéal,55.725
SOC,LA_1229d1u1,l,#V,Final,i:,long,0.051567,shaol,51.567
SOC,LA_1229d1u1,l,#V,Final,oo,short,0.05399,ceoil,53.99
SOC,LA_1229d1u1,l,#V,Final,ii,short,0.056667,bhfuil,56.667
SOC,LA_1229d1u1,l,#V,Final,a,short,0.121989,geall,121.989
SOC,LA_1229d1u1,l,#V,Final,oo,short,0.04788,goil,47.88
SOC,LA_1229d1u1,l,#P,Final,a:,long,0.080467,bál,80.467
SOC,LA_1229d1u1,l,#P,Final,a,short,0.10485,geall,104.85
SOC,LA_1229d1u1,n,#C,Final,a:,long,0.069594,slán,69.594
SOC,LA_1229d1u1,n,#C,Final,uu,short,0.093091,bhain,93.091
SOC,LA_1229d1u1,n,#V,Final,a,short,0.065350819,bean,65.350819
SOC,LA_1229d1u1,n,#V,Final,uu,short,0.053805,gan,53.805
SOC,LA_1229d1u1,n,#P,Final,a,short,0.077294185,bean,77.294185
SOC,LA_1229d1u1,n,#P,Final,ii,short,0.121772094,sin,121.772094
SOC,LA_1229d1u1,n,#P,Final,uu,short,0.221093,chun,221.093
SOC,LA_1230d1u1,ss,#C,Final,ii,short,0.102471925,leis,102.471925
SOC,LA_1230d1u1,s,#V,Final,E,short,0.09474,fhios,94.74
SOC,LA_1230d1u1,ss,#P,Final,ii,short,0.148615,leis,148.615
SOC,LA_1230d1u1,ss,#P,Final,ii,short,0.106186,leis,106.186
SOC,LA_1230d1u1,d,#C,Final,a,short,0.111165,bhfad,111.165
SOC,LA_1230d1u1,g,#C,Final,uu,short,0.08569,thug,85.69
SOC,LA_1230d1u1,l,#C,Final,u:,long,0.031364,shiúl,31.364
SOC,LA_1230d1u1,l,#C,Final,oo,short,0.086637,goil,86.637
SOC,LA_1230d1u1,l,#V,Final,oo,short,0.046302,goil,46.302
SOC,LA_1230d1u1,l,#V,Final,oo,short,0.042977274,goil,42.977274
SOC,LA_1230d1u1,l,#V,Final,oo,short,0.065465009,thoil,65.465009
SOC,LA_1230d1u1,n,#C,Final,ee,short,0.086297,sin,86.297
SOC,LA_1230d1u1,n,#V,Final,o:,long,0.05293,brón,52.93
SOC,LA_1230d1u1,n,#V,Final,i:,long,0.04551,ghrian,45.51
SOC,LA_1230d1u1,n,#V,Final,uu,short,0.067154,don,67.154
SOC,LA_1230d1u1,n,#V,Final,a,short,0.150116,chlann,150.116
SOC,LA_1230d1u1,n,#V,Final,a,short,0.068178,san,68.178
SOC,LA_1230d1u1,n,#P,Final,a,short,0.216827,ann,216.827
SOC,LA_1230d2u1,l,#C,Final,u,short,0.063106,bhfuil,63.106
SOC,LA_1230d2u1,n,#V,Final,e:,long,0.060671719,féin,60.671719
SOC,LA_1230d2u1,n,#V,Final,a:,long,0.037127917,slán,37.127917
SMacM,LA_1249d1u1,k,#C,Final,a,short,0.126135256,ghlac,126.135256
SMacM,LA_1249d1u1,g,#V,Final,E,short,0.109310141,beag,109.310141
SMacM,LA_1249d1u1,g,#P,Final,E,short,0.115336,beag,115.336
SMacM,LA_1249d1u1,g,#V,Final,E,short,0.067670708,Bheag,67.670708
SMacM,LA_1249d1u1,g,#V,Final,E,short,0.066039268,beag,66.039268
SMacM,LA_1249d1u1,g,#V,Final,E,short,0.074801794,beag,74.801794
SMacM,LA_1249d1u1,g,#P,Final,E,short,0.109484,beag,109.484
SMacM,LA_1249d1u1,g,#P,Final,E,short,0.10446,bheag,104.46
SMacM,LA_1249d1u1,l,#P,Final,a:,long,0.033036,fháil,33.036
SMacM,LA_1249d1u1,l,#P,Final,a,short,0.116830407,thall,116.830407
SMacM,LA_1249d1u1,n,#P,Final,a,short,0.15974,chrann,159.74
SMacM,LA_1249d1u1,n,#C,Final,ii,short,0.071687756,rinn,71.687756
SMacM,LA_1249d1u1,n,#V,Final,e:,long,0.038988573,féin,38.988573
SMacM,LA_1249d1u1,n,#V,Final,E,short,0.078134766,cheann,78.134766
SMacM,LA_1249d1u1,n,#P,Final,E,short,0.097006694,ceann,97.006694
SMacM,LA_1249d1u1,n,#P,Final,ee,short,0.097072,ceann,97.072
PMacC,LA_1252d1u1,ss,#C,Final,e,short,0.036847,leis,36.847
PMacC,LA_1252d1u1,d,#V,Final,uu,short,0.040333,muid,40.333
PMacC,LA_1252d1u1,m,#V,Final,a,short,0.04283,am,42.83
PMacC,LA_1252d1u1,n,#C,Final,a:,long,0.075994,Seán,75.994
PMacC,LA_1252d1u1,n,#V,Final,a:,long,0.055178,Seán,55.178
PMacC,LA_1252d1u1,n,#C,Final,a:,long,0.068168,meán,68.168
PMacC,LA_1252d1u1,n,#C,Final,a:,long,0.049532,mheán,49.532
PMacC,LA_1252d1u1,n,#C,Final,u:,long,0.105101545,dhúinn,105.101545
PMacC,LA_1252d1u1,n,#C,Final,E,short,0.044478,bhain,44.478
PMacC,LA_1252d1u1,n,#C,Final,ee,short,0.04099,den,40.99
PMacC,LA_1252d1u1,n,#C,Final,ee,short,0.050096,don,50.096
PMacC,LA_1252d1u1,n,#V,Final,a:,long,0.044394,Seán,44.394
PMacC,LA_1252d1u1,n,#P,Final,a:,long,0.055281,lán,55.281
PMacC,LA_1252d1u1,n,#V,Final,a:,long,0.044299,Seán,44.299
PMacC,LA_1252d1u1,n,#V,Final,e:,long,0.044161,Sheáin,44.161
PMacC,LA_1252d1u1,n,#V,Final,a:,long,0.045592,Seán,45.592
PMacC,LA_1252d1u1,n,#V,Final,a:,long,0.028847,Seán,28.847
PMacC,LA_1252d1u1,n,#V,Final,a,short,0.059515,Chan,59.515
PMacC,LA_1252d1u1,n,#V,Final,a,short,0.071565,Chan,71.565
PMacC,LA_1252d1u1,n,#V,Final,ii,short,0.054350936,chionn,54.350936
PMacC,LA_1252d1u1,n,#P,Final,a:,long,0.069230981,bán,69.230981
PMacC,LA_1252d2u1,m,#V,Final,i:,long,0.042721,Tchím,42.721
PMacC,LA_1252d2u1,n,#P,Final,e:,long,0.171702789,cén,171.702789
PMacC,LA_1252d2u1,n,#C,Final,e:,long,0.031274,féin,31.274
PMacC,LA_1252d2u1,n,#C,Final,e:,long,0.066242,féin,66.242
PMacC,LA_1252d2u1,n,#C,Final,a,short,0.051673,chan,51.673
PMacC,LA_1253d1u1,n,#V,Final,E,short,0.086981133,cheann,86.981133
PMacC,LA_1253d1u1,n,#V,Final,a,short,0.071047,cheann,71.047
PMacC,LA_1253d1u1,n,#V,Final,E,short,0.070108386,cheann,70.108386
PMacC,LA_1253d1u1,n,#P,Final,a,short,0.09655,ceann,96.55
PMacC,LA_1253d1u1,n,#P,Final,E,short,0.133406429,cheann,133.406429
PMacC,LA_1253d1u1,n,#P,Final,a,short,0.062614085,bhean,62.614085
NMcC,LA_1259d2u1,s,#C,Final,oo,short,0.126409737,chois,126.409737
NMcC,LA_1259d2u1,d,#C,Final,e:,long,0.045377,mhéad,45.377
NMcC,LA_1259d2u1,g,#V,Final,i,short,0.057546,Chuig,57.546
NMcC,LA_1259d2u1,l,#V,Final,a,short,0.152279,dall,152.279
NMcC,LA_1259d2u1,l,#V,Final,u:,long,0.022372331,shúil,22.372331
NMcC,LA_1259d2u1,m,#C,Final,E,short,0.085875,greim,85.875
NMcC,LA_1259d2u1,n,#C,Final,a,short,0.040720665,Claon,40.720665
DMacGC,LA_1261d1u1,p,#C,Final,oo,short,0.08628497,stop,86.28497
DMacGC,LA_1261d1u1,g,#C,Final,a:,long,0.029617,D'fhág,29.617
DMacGC,LA_1261d1u1,n,#V,Final,ee,short,0.071974152,ann,71.974152
DMacGC,LA_1261d1u1,n,#V,Final,uu,short,0.043190867,gan,43.190867
DMacGC,LA_1261d2u1,s,#C,Final,a,short,0.135706,chas,135.706
DMacGC,LA_1261d2u1,g,#C,Final,uu,short,0.067122,thug,67.122
DMacGC,LA_1261d2u1,g,#C,Final,uu,short,0.039072,thug,39.072
DMacGC,LA_1261d2u1,g,#P,Final,a,short,0.111179,cac,111.179
DMacGC,LA_1261d2u1,n,#V,Final,E,short,0.04621507,cheann,46.21507
DMacGC,LA_1261d2u1,n,#P,Final,E,short,0.133638571,cheann,133.638571
DMacGC,LA_1261d2u1,n,#V,Final,E,short,0.071651032,ceann,71.651032
DMacGC,LA_1261d2u1,n,#V,Final,E,short,0.048107,ceann,48.107
DMacGC,LA_1261d2u1,n,#V,Final,E,short,0.087211372,ceann,87.211372
DMacGC,LA_1261d2u1,n,#P,Final,ii,short,0.062411,sin,62.411
MOC,LA_1262d1u1,s,#C,Final,oo,short,0.060529,chos,60.529
MOC,LA_1262d1u1,d,#V,Final,uu,short,0.054353734,muid,54.353734
MOC,LA_1262d1u1,g,#V,Final,o:,long,0.058127412,óg,58.127412
MOC,LA_1262d1u1,g,#V,Final,a:,long,0.035740203,d'fhág,35.740203
MOC,LA_1262d1u1,g,#V,Final,o:,long,0.045134,Thóg,45.134
MOC,LA_1262d1u1,l,#C,Final,oo,short,0.04751,goil,47.51
MOC,LA_1262d1u1,n,#V,Final,i:,long,0.079533,Bhínn,79.533
MOC,LA_1262d1u1,n,#C,Final,i:,long,0.069664815,chaoin,69.664815
MOC,LA_1262d1u1,n,#C,Final,ee,short,0.102216542,cheann,102.216542
MOC,LA_1262d1u1,n,#V,Final,a,short,0.024803199,bean,24.803199
MOC,LA_1263d1u1,d,#C,Final,uu,short,0.0719238,muid,71.9238
MOC,LA_1263d1u1,d,#C,Final,uu,short,0.066324966,muid,66.324966
MOC,LA_1263d1u1,d,#V,Final,uu,short,0.054650565,muid,54.650565
MOC,LA_1263d1u1,d,#V,Final,uu,short,0.058779718,muid,58.779718
MOC,LA_1263d1u1,l,#C,Final,u:,long,0.057411,shiúil,57.411
MOC,LA_1263d1u1,l,#C,Final,u:,long,0.037400892,Shiúil,37.400892
MOC,LA_1263d1u1,l,#C,Final,i:,long,0.056925,shíl,56.925
MOC,LA_1263d1u1,l,#V,Final,a,short,0.067539,thall,67.539
MOC,LA_1263d1u1,l,#V,Final,u:,long,0.033649111,dúil,33.649111
MOC,LA_1263d1u1,l,#V,Final,a,short,0.068730989,mall,68.730989
MOC,LA_1263d1u1,l,#V,Final,oo,short,0.023645,ghoil,23.645
MOC,LA_1263d1u1,l,#V,Final,a:,short,0.048376822,scáil,48.376822
MOC,LA_1263d1u1,n,#V,Final,a:,long,0.01221407,Bán,12.21407
MOC,LA_1263d1u1,n,#V,Final,oo,short,0.073437,Chloinn,73.437
MOC,LA_1263d1u1,n,#V,Final,i,short,0.042211823,ghrian,42.211823
MOC,LA_1263d1u1,n,#V,Final,oo,short,0.068248362,son,68.248362
MOC,LA_1263d1u1,n,#V,Final,uu,short,0.040937533,mbun,40.937533
MOC,LA_1263d1u1,n,#P,Final,e:,long,0.080617483,féin,80.617483
MOC,LA_1263d1u1,n,#P,Final,e:,long,0.044287472,féin,44.287472
MOC,LA_1263d1u1,n,#P,Final,ii,short,0.147176559,linn,147.176559
MOC,LA_1264d1u1,k,#V,Final,ii,short,0.299483,chnoic,299.483
MOC,LA_1264d1u1,k,#V,Final,oo,short,0.253462,chnoc,253.462
MOC,LA_1264d1u1,s,#C,Final,a,short,0.138067,bhlais,138.067
MOC,LA_1264d1u1,d,#C,Final,a,short,0.070310229,fhad,70.310229
MOC,LA_1264d1u1,d,#V,Final,a,short,0.071645312,bhfad,71.645312
MOC,LA_1264d1u1,d,#V,Final,a,short,0.050997991,bhfad,50.997991
MOC,LA_1264d1u1,l,#C,Final,o:,long,0.057069499,D'ól,57.069499
MOC,LA_1264d1u1,l,#V,Final,oo,short,0.042130487,ghoil,42.130487
MOC,LA_1264d1u1,n,#C,Final,a,short,0.070127406,d'fhan,70.127406
MOC,LA_1264d1u1,n,#C,Final,o,short,0.121371275,fonn,121.371275
MOC,LA_1264d1u1,n,#V,Final,oo,short,0.042709841,braon,42.709841
MOC,LA_1264d1u1,n,#P,Final,a,short,0.150885,ghleann,150.885
MOC,LA_1264d1u1,n,#P,Final,ee,short,0.143109,cheann,143.109
PMacGC,LA_1265d1u1,k,#C,Final,a,short,0.094474835,Ghlac,94.474835
PMacGC,LA_1265d1u1,k,#V,Final,oo,short,0.124684,stoc,124.684
PMacGC,LA_1265d1u1,n,#C,Final,ii,short,0.080787922,rinn,80.787922
PMacGC,LA_1265d1u1,n,#C,Final,a,short,0.053724777,d'fhan,53.724777
PMacGC,LA_1265d1u1,n,#V,Final,ee,short,0.050646009,ann,50.646009
PMacGC,LA_1265d1u1,n,#P,Final,a:,long,0.138785396,ann,138.785396
PMacGC,LA_1265d2u1,t,#V,Final,a:,long,0.092547051,d'áit,92.547051
PMacGC,LA_1265d2u1,d,#C,Final,a,short,0.169766,fad,169.766
PMacGC,LA_1265d2u1,d,#V,Final,uu,short,0.055787,cuid,55.787
PMacGC,LA_1265d2u1,g,#C,Final,uu,short,0.040087,thug,40.087
PMacGC,LA_1265d2u1,l,#V,Final,oo,short,0.04728085,goil,47.28085
PMacGC,LA_1265d2u1,l,#V,Final,oo,short,0.0405462,goil,40.5462
PMacGC,LA_1265d2u1,l,#V,Final,i:,long,0.036096,Scaoil,36.096
PMacGC,LA_1265d2u1,l,#V,Final,e:,long,0.055884,béal,55.884
PMacGC,LA_1265d2u1,n,#V,Final,ii,short,0.068962646,bhinn,68.962646
PMacGC,LA_1265d2u1,n,#V,Final,ii,short,0.053069633,inn,53.069633
PMacGC,LA_1265d2u1,n,#P,Final,ii,short,0.167064051,binn,167.064051
PMacGC,LA_1266d1u1,s,#V,Final,a,short,0.070169,glas,70.169
PMacGC,LA_1266d1u1,s,#V,Final,oo,short,0.085788574,chos,85.788574
PMacGC,LA_1266d1u1,d,#V,Final,a,short,0.06848296,fhad,68.48296
PMacGC,LA_1266d1u1,d,#V,Final,e:,long,0.048506969,chéad,48.506969
PMacGC,LA_1266d1u1,d,#V,Final,a,short,0.048554,stad,48.554
PMacGC,LA_1266d1u1,g,#C,Final,ii,short,0.06479,lig,64.79
PMacGC,LA_1266d1u1,g,#C,Final,uu,short,0.060947488,thug,60.947488
PMacGC,LA_1266d1u1,g,#C,Final,uu,short,0.082117,thug,82.117
PMacGC,LA_1266d1u1,l,#V,Final,oo,short,0.034247526,ghoil,34.247526
PMacGC,LA_1266d1u1,m,#V,Final,a:,long,0.0297316,geám,29.7316
PMacGC,LA_1266d1u1,m,#C,Final,a:,long,0.028200027,geám,28.200027
PMacGC,LA_1266d1u1,m,#V,Final,a:,long,0.051179157,geám,51.179157
PMacGC,LA_1266d1u1,m,#V,Final,a:,long,0.05579,geám,55.79
PMacGC,LA_1266d1u1,n,#C,Final,a,short,0.055817788,fhan,55.817788
PMacGC,LA_1266d1u1,n,#C,Final,ii,short,0.066786131,sin,66.786131
PMacGC,LA_1266d1u1,n,#C,Final,a,short,0.035319,d'fhan,35.319
PMacGC,LA_1266d1u1,n,#C,Final,E,short,0.04812371,ceann,48.12371
PMacGC,LA_1266d1u1,n,#V,Final,a:,long,0.033372896,fán,33.372896
PMacGC,LA_1266d2u1,g,#V,Final,e:,long,0.062264544,déag,62.264544
PMacC,LA_1253d1u1,p,C+,Medial,a:,long,0.099406753,tseápai,99.406753
PMacC,LA_1253d1u1,p,C+,Medial,a:,long,0.11486129,tseápal,114.86129
PMacC,LA_1253d1u1,p,C+,Medial,a:,long,0.130657213,tseápal,130.657213
PMacC,LA_1253d1u1,p,C+,Medial,a:,long,0.094975044,tseápal,94.975044
DOG,LA_1226d1u1,p,C+,Medial,oo,short,0.089833697,tsiopa,89.833697
DOG,LA_1226d1u1,p,C+,Medial,oo,short,0.109515851,tsiopa,109.515851
DOG,LA_1226d1u1,p,C+,Medial,E,short,0.126519134,leapa,126.519134
SOC,LA_1230d1u1,p,C+,Medial,uu,short,0.128888653,shuipéir,128.888653
SOC,LA_1230d1u1,p,C+,Medial,a,short,0.13358071,shuipéar,133.58071
SMacM,LA_1249d1u1,p,C+,Medial,uu,short,0.088677453,cupán,88.677453
SMacM,LA_1249d1u1,p,C+,Medial,uu,short,0.09705096,chupáin,97.05096
SMacM,LA_1249d1u1,p,C+,Medial,uu,short,0.090239461,cupán,90.239461
SMacM,LA_1249d1u1,p,C+,Medial,uu,short,0.096464191,chupán,96.464191
SMacM,LA_1249d1u1,p,C+,Medial,uu,short,0.091595954,cupán,91.595954
SMacM,LA_1249d1u1,p,C+,Medial,uu,short,0.092199842,cupán,92.199842
SMacM,LA_1249d1u1,p,C+,Medial,uu,short,0.09486763,chupán,94.86763
SMacM,LA_1249d1u1,p,C+,Medial,uu,short,0.103791731,cupán,103.791731
SMacM,LA_1249d1u1,p,C+,Medial,uu,short,0.093761825,chupáin,93.761825
SMacM,LA_1249d1u1,p,C+,Medial,uu,short,0.081622891,chupán,81.622891
PMacC,LA_1252d1u1,p,C+,Medial,oo,short,0.100048505,stopadh,100.048505
PMacC,LA_1252d1u1,p,C+,Medial,oo,short,0.08176651,stopadh,81.76651
PMacC,LA_1252d1u1,p,C+,Medial,a,short,0.127602481,leapa,127.602481
DMacGC,LA_1261d1u1,p,C+,Medial,uu,short,0.097023765,cupán,97.023765
DMacGC,LA_1261d1u1,p,C+,Medial,a,short,0.112597711,slapáil,112.597711
DMacGC,LA_1261d1u1,p,C+,Medial,uu,short,0.105887008,cupán,105.887008
DOG,LA_1226d1u1,t,C+,Medial,o:,long,0.072237633,cótaí,72.237633
DOG,LA_1226d1u1,t,C+,Medial,e:,long,0.083782797,créatúr,83.782797
SOC,LA_1229d1u1,t,C+,Medial,u:,long,0.113315035,brúite,113.315035
SOC,LA_1229d1u1,t,C+,Medial,e:,long,0.108393677,préatai,108.393677
SOC,LA_1229d1u1,t,C+,Medial,u:,long,0.06383246,brúite,63.83246
PMacGC,LA_1265d1u1,t,C+,Medial,a:,long,0.120195751,sclátaí,120.195751
DOG,LA_1226d1u1,t,C+,Medial,ii,short,0.078841743,giota,78.841743
DOG,LA_1227d1u1,t,C+,Medial,ee,short,0.087261533,thuitim,87.261533
DOG,LA_1227d1u1,t,C+,Medial,ee,short,0.074098999,eiteoig,74.098999
SOC,LA_1229d1u1,t,C+,Medial,a,short,0.20911737,phota,209.11737
SOC,LA_1229d1u1,t,C+,Medial,oo,short,0.130214073,potai,130.214073
SOC,LA_1229d1u1,t,C+,Medial,oo,short,0.18754113,pota,187.54113
SOC,LA_1229d1u1,t,C+,Medial,a,short,0.169309305,pota,169.309305
SOC,LA_1229d1u1,t,C+,Medial,oo,short,0.128375822,pota,128.375822
SOC,LA_1229d1u1,t,C+,Medial,oo,short,0.13228959,phota,132.28959
PMacC,LA_1253d1u1,t,C+,Medial,a,short,0.155790181,Mata,155.790181
MOC,LA_1262d1u1,t,C+,Medial,oo,short,0.130552534,Loiteadh,130.552534
MOC,LA_1264d1u1,t,C+,Medial,o,short,0.096584725,phoitín,96.584725
MOC,LA_1264d1u1,t,C+,Medial,oo,short,0.109369011,poitín,109.369011
MOC,LA_1264d1u1,t,C+,Medial,o,short,0.130917574,phoitín,130.917574
PMacGC,LA_1265d2u1,t,C+,Medial,a,short,0.097520383,caite,97.520383
PMacC,LA_1252d1u1,k,C+,Medial,o:,long,0.089401562,phóca,89.401562
PMacC,LA_1253d1u1,k,C+,Medial,o:,long,0.070515162,phóca,70.515162
PMacC,LA_1253d1u1,k,C+,Medial,o:,long,0.076598456,phóca,76.598456
PMacC,LA_1253d1u1,k,C+,Medial,u:,long,0.061893074,Lúcás,61.893074
MOC,LA_1262d1u1,k,C+,Medial,a:,long,0.079998966,d'fhágfadh,79.998966
MOC,LA_1262d1u1,k,C+,Medial,a:,long,0.06393983,D'fhágfadh,63.93983
MOC,LA_1264d1u1,k,C+,Medial,o:,long,0.115024359,phóca,115.024359
PMacGC,LA_1265d1u1,k,C+,Medial,i:,long,0.102519705,Íocfaidh,102.519705
PMacGC,LA_1265d1u1,k,C+,Medial,i:,long,0.086606861,Íocfaidh,86.606861
PMacGC,LA_1265d1u1,k,C+,Medial,i:,long,0.0815676,íocfas,81.5676
DOG,LA_1226d1u1,k,C+,Medial,oo,short,0.10136274,dtiocfadh,101.36274
DOG,LA_1227d1u1,k,C+,Medial,oo,short,0.082061669,dtiocfadh,82.061669
DOG,LA_1227d1u1,k,C+,Medial,E,short,0.072480328,bhfeicfeadh,72.480328
DOG,LA_1227d1u1,k,C+,Medial,oo,short,0.093683037,dtiocfadh,93.683037
DOG,LA_1227d1u1,k,C+,Medial,a,short,0.06328276,bhfaca,63.28276
SOC,LA_1230d1u1,k,C+,Medial,oo,short,0.09760811,dtiocfadh,97.60811
SOC,LA_1230d1u1,k,C+,Medial,a,short,0.147848771,glacadh,147.848771
SMacM,LA_1249d1u1,k,C+,Medial,a,short,0.053039335,glacfaidh,53.039335
SMacM,LA_1249d1u1,k,C+,Medial,ii,short,0.051720625,tiocfaidh,51.720625
PMacC,LA_1252d1u1,k,C+,Medial,E,short,0.063805476,bhfeicí,63.805476
PMacC,LA_1252d1u1,k,C+,Medial,oo,short,0.056234623,dtiocfadh,56.234623
PMacC,LA_1252d2u1,k,C+,Medial,oo,short,0.104954011,Brocaí,104.954011
PMacC,LA_1252d2u1,k,C+,Medial,ii,short,0.084057599,Mhicí,84.057599
PMacC,LA_1253d1u1,k,C+,Medial,a,short,0.068482937,paca,68.482937
PMacC,LA_1253d1u1,k,C+,Medial,a,short,0.131499552,bac,131.499552
PMacC,LA_1253d1u1,k,C+,Medial,a,short,0.121977498,phaca,121.977498
PMacC,LA_1253d1u1,k,C+,Medial,a,short,0.080616149,paca,80.616149
PMacC,LA_1253d1u1,k,C+,Medial,a,short,0.038997858,paca,38.997858
PMacC,LA_1253d1u1,k,C+,Medial,a,short,0.253513375,mac,253.513375
PMacC,LA_1253d1u1,k,C+,Medial,a,short,0.077834625,aicíd,77.834625
NMcC,LA_1259d2u1,k,C+,Medial,E,short,0.137522966,peacach,137.522966
NMcC,LA_1259d2u1,k,C+,Medial,a,short,0.090124291,pheacaí,90.124291
DMacGC,LA_1261d1u1,k,C+,Medial,a,short,0.13659778,acu,136.59778
DMacGC,LA_1261d1u1,k,C+,Medial,a,short,0.112161858,acu,112.161858
DMacGC,LA_1261d2u1,k,C+,Medial,a,short,0.036892517,bhfaca,36.892517
DMacGC,LA_1261d2u1,k,C+,Medial,a,short,0.077565707,bhfaca,77.565707
DMacGC,LA_1261d2u1,k,C+,Medial,ii,short,0.111981241,mhuice,111.981241
DMacGC,LA_1261d2u1,k,C+,Medial,ii,short,0.131392388,mhuice,131.392388
MOC,LA_1262d1u1,k,C+,Medial,oo,short,0.068227621,focal,68.227621
MOC,LA_1263d1u1,k,C+,Medial,e,short,0.074736815,fheicfeá,74.736815
MOC,LA_1263d1u1,k,C+,Medial,E,short,0.077408207,bhfeicfeá,77.408207
MOC,LA_1263d1u1,k,C+,Medial,a,short,0.064668133,bhfaca,64.668133
MOC,LA_1263d1u1,k,C+,Medial,oo,short,0.083469918,thiocfadh,83.469918
MOC,LA_1263d1u1,k,C+,Medial,oo,short,0.090498515,fhocal,90.498515
MOC,LA_1263d1u1,k,C+,Medial,oo,short,0.100435744,fhocal,100.435744
MOC,LA_1264d1u1,k,C+,Medial,a,short,0.092323101,bhfaca,92.323101
MOC,LA_1264d1u1,k,C+,Medial,E,short,0.069186028,bhfeicfeadh,69.186028
MOC,LA_1264d1u1,k,C+,Medial,a,short,0.063904462,fhacaidh,63.904462
MOC,LA_1264d1u1,k,C+,Medial,a,short,0.066979867,nglacfainn,66.979867
PMacGC,LA_1265d1u1,k,C+,Medial,ii,short,0.0957447,bhfeicfinn,95.7447
PMacGC,LA_1265d1u1,k,C+,Medial,ii,short,0.083913708,bhfeicfinn,83.913708
PMacGC,LA_1265d1u1,k,C+,Medial,a,short,0.056520631,Bhfaca,56.520631
PMacGC,LA_1265d2u1,k,C+,Medial,E,short,0.057776327,bhfeice,57.776327
PMacGC,LA_1265d2u1,k,C+,Medial,E,short,0.080380965,Feicim,80.380965
PMacGC,LA_1266d1u1,k,C+,Medial,a,short,0.109473133,bhfaca,109.473133
PMacGC,LA_1266d1u1,k,C+,Medial,E,short,0.048499835,bhfeicfeadh,48.499835
DOG,LA_1226d1u1,s,C+,Medial,o:,long,0.085064478,pósadh,85.064478
SMacM,LA_1249d1u1,s,C+,Medial,u:,long,0.072274776,thúsaigh,72.274776
SMacM,LA_1249d1u1,s,C+,Medial,u:,long,0.079850621,thúsaigh,79.850621
SMacM,LA_1249d1u1,s,C+,Medial,u:,long,0.051096556,thúsaigh,51.096556
PMacC,LA_1252d1u1,s,C+,Medial,i:,long,0.077182162,phíosa,77.182162
PMacC,LA_1252d1u1,ss,C+,Medial,a:,long,0.084537651,cásaí,84.537651
PMacC,LA_1253d1u1,s,C+,Medial,i:,long,0.113408891,Mhaoise,113.408891
MOC,LA_1262d1u1,s,C+,Medial,o:,long,0.07359946,bpósfadh,73.59946
MOC,LA_1262d1u1,s,C+,Medial,o:,long,0.11551866,phósfadh,115.51866
MOC,LA_1262d1u1,s,C+,Medial,i:,long,0.143386289,míosa,143.386289
PMacGC,LA_1265d1u1,s,C+,Medial,o:,long,0.094936695,pósadh,94.936695
PMacGC,LA_1265d1u1,s,C+,Medial,o:,long,0.100628393,pósadh,100.628393
PMacGC,LA_1266d1u1,s,C+,Medial,i:,long,0.079124902,píosa,79.124902
DOG,LA_1226d1u1,s,C+,Medial,uu,short,0.117344541,tusa,117.344541
DOG,LA_1226d1u1,s,C+,Medial,ii,short,0.109480681,sise,109.480681
DOG,LA_1226d1u1,s,C+,Medial,uu,short,0.099597316,tusa,99.597316
DOG,LA_1226d1u1,ss,C+,Medial,ii,short,0.090725633,seisean,90.725633
DOG,LA_1226d1u1,s,C+,Medial,oo,short,0.073397751,thoisigh,73.397751
DOG,LA_1226d1u1,ss,C+,Medial,ii,short,0.097682927,sise,97.682927
DOG,LA_1226d1u1,s,C+,Medial,a,short,0.089718188,dreasúr,89.718188
DOG,LA_1226d1u1,s,C+,Medial,E,short,0.11536236,dreasúr,115.36236
DOG,LA_1226d1u1,ss,C+,Medial,E,short,0.086229355,seisean,86.229355
DOG,LA_1227d1u1,s,C+,Medial,oo,short,0.061530838,thoisigh,61.530838
DOG,LA_1227d1u1,s,C+,Medial,oo,short,0.117822201,cosa,117.822201
DOG,LA_1227d1u1,s,C+,Medial,E,short,0.088806799,leisean,88.806799
DOG,LA_1227d1u1,ss,C+,Medial,oo,short,0.111312031,thoiseacht,111.312031
DOG,LA_1227d1u1,ss,C+,Medial,E,short,0.078785225,seisean,78.785225
DOG,LA_1227d1u1,ss,C+,Medial,E,short,0.09515412,leisean,95.15412
DOG,LA_1227d1u1,ss,C+,Medial,ee,short,0.100118865,seisean,100.118865
DOG,LA_1227d1u1,ss,C+,Medial,E,short,0.093342221,seisean,93.342221
DOG,LA_1227d1u1,ss,C+,Medial,ii,short,0.094016854,seisean,94.016854
DOG,LA_1227d1u1,ss,C+,Medial,oo,short,0.089816414,thoisigh,89.816414
SOC,LA_1229d1u1,s,C+,Medial,o:,long,0.047289455,pósadh,47.289455
SOC,LA_1229d1u1,s,C+,Medial,oo,short,0.112312591,tosaigh,112.312591
SOC,LA_1230d1u1,s,C+,Medial,ii,short,0.11813129,uasal,118.13129
SOC,LA_1230d1u1,ss,C+,Medial,ii,short,0.085796409,sise,85.796409
SOC,LA_1230d1u1,s,C+,Medial,ii,short,0.14475344,uasal,144.75344
SOC,LA_1230d1u1,s,C+,Medial,uu,short,0.121789313,uasal,121.789313
SOC,LA_1230d1u1,s,C+,Medial,uu,short,0.150033449,uasal,150.033449
SOC,LA_1230d1u1,s,C+,Medial,uu,short,0.117115017,uasal,117.115017
SOC,LA_1230d1u1,s,C+,Medial,uu,short,0.125208374,uasal,125.208374
SOC,LA_1230d1u1,s,C+,Medial,uu,short,0.103643226,uasal,103.643226
SOC,LA_1230d1u1,s,C+,Medial,uu,short,0.142681469,uasal,142.681469
SOC,LA_1230d1u1,s,C+,Medial,uu,short,0.157723878,uasal,157.723878
SOC,LA_1230d1u1,s,C+,Medial,uu,short,0.101806784,uasal,101.806784
SOC,LA_1230d1u1,s,C+,Medial,uu,short,0.120678002,uasal,120.678002
SMacM,LA_1249d1u1,ss,C+,Medial,ii,short,0.085743511,seisean,85.743511
PMacC,LA_1252d1u1,ss,C+,Medial,ii,short,0.052500617,mise,52.500617
PMacC,LA_1252d1u1,ss,C+,Medial,ii,short,0.05714091,mise,57.14091
PMacC,LA_1252d1u1,s,C+,Medial,ii,short,0.082821686,biseach,82.821686
PMacC,LA_1252d1u1,s,C+,Medial,ii,short,0.117754682,biseach,117.754682
PMacC,LA_1252d1u1,ss,C+,Medial,ii,short,0.110212493,mise,110.212493
PMacC,LA_1252d2u1,ss,C+,Medial,a,short,0.081320176,Maise,81.320176
PMacC,LA_1252d2u1,ss,C+,Medial,a,short,0.078563024,Maise,78.563024
PMacC,LA_1252d2u1,ss,C+,Medial,ii,short,0.081321861,mise,81.321861
PMacC,LA_1252d2u1,ss,C+,Medial,uu,short,0.080968325,tusa,80.968325
PMacC,LA_1252d2u1,ss,C+,Medial,ee,short,0.077496117,maise,77.496117
PMacC,LA_1253d1u1,s,C+,Medial,oo,short,0.056744096,thoisigh,56.744096
PMacC,LA_1253d1u1,ss,C+,Medial,ii,short,0.090256623,maise,90.256623
PMacC,LA_1253d1u1,s,C+,Medial,a,short,0.08977733,maise,89.77733
PMacC,LA_1253d1u1,s,C+,Medial,E,short,0.081411598,measa,81.411598
PMacC,LA_1253d1u1,s,C+,Medial,oo,short,0.057032268,thoisigh,57.032268
PMacC,LA_1253d1u1,s,C+,Medial,a,short,0.08901329,uasal,89.01329
PMacC,LA_1253d1u1,s,C+,Medial,u,short,0.09451418,uasal,94.51418
PMacC,LA_1253d1u1,ss,C+,Medial,ii,short,0.065517492,seisean,65.517492
DMacGC,LA_1261d1u1,s,C+,Medial,ii,short,0.061948757,sise,61.948757
MOC,LA_1262d1u1,s,C+,Medial,oo,short,0.074026047,Thoisigh,74.026047
MOC,LA_1262d1u1,s,C+,Medial,a,short,0.09628397,Maise,96.28397
MOC,LA_1262d1u1,s,C+,Medial,oo,short,0.122682366,pósadh,122.682366
MOC,LA_1262d1u1,s,C+,Medial,oo,short,0.089472817,thoisigh,89.472817
MOC,LA_1262d1u1,s,C+,Medial,oo,short,0.150250498,pósadh,150.250498
MOC,LA_1263d1u1,s,C+,Medial,oo,short,0.099381408,thoisigh,99.381408
MOC,LA_1264d1u1,s,C+,Medial,oo,short,0.080842411,cosúil,80.842411
MOC,LA_1264d1u1,ss,C+,Medial,E,short,0.074136316,seisean,74.136316
MOC,LA_1264d1u1,ss,C+,Medial,ii,short,0.074554549,seisean,74.554549
MOC,LA_1264d1u1,s,C+,Medial,o,short,0.076003585,cosúil,76.003585
MOC,LA_1264d1u1,ss,C+,Medial,ii,short,0.091265051,seisean,91.265051
MOC,LA_1264d1u1,ss,C+,Medial,ii,short,0.075338598,seisean,75.338598
PMacGC,LA_1265d1u1,ss,C+,Medial,E,short,0.058987637,seisean,58.987637
PMacGC,LA_1265d1u1,s,C+,Medial,E,short,0.055503532,seisean,55.503532
PMacGC,LA_1265d1u1,s,C+,Medial,oo,short,0.054958153,Thoisigh,54.958153
PMacGC,LA_1265d1u1,ss,C+,Medial,ii,short,0.05013409,sise,50.13409
PMacGC,LA_1265d2u1,s,C+,Medial,ii,short,0.075232918,mise,75.232918
PMacGC,LA_1265d2u1,ss,C+,Medial,E,short,0.057666145,seisean,57.666145
PMacGC,LA_1265d2u1,s,C+,Medial,ii,short,0.049352136,mise,49.352136
PMacGC,LA_1266d1u1,ss,C+,Medial,E,short,0.100888073,seisean,100.888073
PMacGC,LA_1266d1u1,ss,C+,Medial,E,short,0.04397625,seisean,43.97625
PMacGC,LA_1266d1u1,ss,C+,Medial,E,short,0.057882014,seisean,57.882014
PMacGC,LA_1266d1u1,ss,C+,Medial,ii,short,0.102587615,sise,102.587615
PMacGC,LA_1266d1u1,s,C+,Medial,uu,short,0.093698263,thusa,93.698263
DOG,LA_1226d1u1,b,C+,Medial,oo,short,0.055198164,obair,55.198164
DOG,LA_1227d1u1,b,C+,Medial,uu,short,0.084418711,ruball,84.418711
DOG,LA_1227d1u1,b,C+,Medial,u,short,0.084417709,ruball,84.417709
DOG,LA_1227d1u1,b,C+,Medial,uu,short,0.087351556,ruball,87.351556
DOG,LA_1227d1u1,b,C+,Medial,uu,short,0.073264704,ruball,73.264704
DOG,LA_1227d1u1,b,C+,Medial,uu,short,0.081790309,ruball,81.790309
DOG,LA_1227d1u1,b,C+,Medial,uu,short,0.085311954,ruball,85.311954
DOG,LA_1227d1u1,b,C+,Medial,uu,short,0.068199506,ruball,68.199506
DOG,LA_1227d1u1,b,C+,Medial,uu,short,0.079079877,ruball,79.079877
SOC,LA_1230d1u1,b,C+,Medial,o,short,0.101998895,obair,101.998895
SOC,LA_1230d1u1,b,C+,Medial,o,short,0.08566598,obair,85.66598
PMacC,LA_1252d1u1,b,C+,Medial,o,short,0.080720301,dh'obair,80.720301
PMacC,LA_1252d1u1,b,C+,Medial,o,short,0.07471929,dh'obair,74.71929
DMacGC,LA_1261d1u1,b,C+,Medial,a,short,0.048329754,D'abair,48.329754
DMacGC,LA_1261d1u1,b,C+,Medial,a,short,0.050309498,D'abair,50.309498
DMacGC,LA_1261d1u1,b,C+,Medial,oo,short,0.050336267,tobán,50.336267
DMacGC,LA_1261d1u1,b,C+,Medial,o,short,0.060052044,tobán,60.052044
DMacGC,LA_1261d1u1,b,C+,Medial,o,short,0.058125767,tobán,58.125767
DMacGC,LA_1261d1u1,b,C+,Medial,o,short,0.052501927,tobán,52.501927
DMacGC,LA_1261d1u1,b,C+,Medial,oo,short,0.053646285,tobán,53.646285
DMacGC,LA_1261d1u1,b,C+,Medial,oo,short,0.045591814,tobán,45.591814
MOC,LA_1262d1u1,b,C+,Medial,oo,short,0.070489042,obair,70.489042
MOC,LA_1262d1u1,b,C+,Medial,a,short,0.089983876,leabaidh,89.983876
MOC,LA_1262d1u1,b,C+,Medial,a,short,0.089139718,leabaidh,89.139718
MOC,LA_1263d1u1,b,C+,Medial,a,short,0.055989229,leabaidh,55.989229
MOC,LA_1264d1u1,b,C+,Medial,o,short,0.056837926,d'oibir,56.837926
DOG,LA_1226d1u1,d,C+,Medial,E:,long,0.0612647,t-éadach,61.2647
SOC,LA_1229d1u1,d,C+,Medial,a:,long,0.075565283,sráide,75.565283
SOC,LA_1229d1u1,d,C+,Medial,e:,long,0.106288375,héadan,106.288375
SOC,LA_1230d1u1,d,C+,Medial,u:,long,0.121941094,údar,121.941094
SMacM,LA_1249d1u1,d,C+,Medial,a:,long,0.079755845,láidir,79.755845
SMacM,LA_1249d1u1,d,C+,Medial,e:,long,0.067318617,méadú,67.318617
PMacC,LA_1252d2u1,d,C+,Medial,i:,long,0.052831448,aoideacht,52.831448
PMacC,LA_1252d2u1,d,C+,Medial,e:,long,0.107898931,théadaí,107.898931
PMacC,LA_1253d1u1,d,C+,Medial,a:,long,0.062870293,sráide,62.870293
PMacC,LA_1253d1u1,d,C+,Medial,o,short,0.047827116,goidé,47.827116
MOC,LA_1264d1u1,d,C+,Medial,o:,long,0.067463036,bródúil,67.463036
DOG,LA_1226d1u1,d,C+,Medial,oo,short,0.041316067,Goidé,41.316067
DOG,LA_1226d1u1,d,C+,Medial,oo,short,0.076726363,Goidé,76.726363
DOG,LA_1226d1u1,d,C+,Medial,oo,short,0.060235832,Goidé,60.235832
DOG,LA_1226d1u1,d,C+,Medial,a,short,0.070448197,maidin,70.448197
DOG,LA_1226d1u1,d,C+,Medial,oo,short,0.066270828,Goidé,66.270828
DOG,LA_1226d1u1,d,C+,Medial,oo,short,0.050457665,Goidé,50.457665
DOG,LA_1226d1u1,d,C+,Medial,ee,short,0.096184463,Druid,96.184463
DOG,LA_1227d1u1,d,C+,Medial,a,short,0.031968076,Phadaí,31.968076
DOG,LA_1227d1u1,d,C+,Medial,a,short,0.05112393,bhfad,51.12393
DOG,LA_1227d1u1,d,C+,Medial,a,short,0.050441868,madadh,50.441868
DOG,LA_1227d1u1,d,C+,Medial,a,short,0.046497055,madadh,46.497055
DOG,LA_1227d1u1,d,C+,Medial,a,short,0.057123354,madadh,57.123354
DOG,LA_1227d1u1,d,C+,Medial,ee,short,0.074858255,cuidiú,74.858255
DOG,LA_1227d1u1,d,C+,Medial,a,short,0.055995452,mhadadh,55.995452
DOG,LA_1227d1u1,d,C+,Medial,a,short,0.04787728,madadh,47.87728
DOG,LA_1227d1u1,d,C+,Medial,a,short,0.059928125,mhadaidh,59.928125
DOG,LA_1227d1u1,d,C+,Medial,a,short,0.04805358,madadh,48.05358
DOG,LA_1227d1u1,d,C+,Medial,a,short,0.055704633,maidin,55.704633
DOG,LA_1227d1u1,d,C+,Medial,a,short,0.045038548,maidin,45.038548
SOC,LA_1228d1u1,d,C+,Medial,E,short,0.127417069,oideas,127.417069
SOC,LA_1228d2u1,d,C+,Medial,ii,short,0.094748044,eadar,94.748044
SOC,LA_1228d2u1,d,C+,Medial,oo,short,0.125774813,goidé,125.774813
SOC,LA_1228d2u1,d,C+,Medial,oo,short,0.147256455,goidé,147.256455
SOC,LA_1228d2u1,d,C+,Medial,oo,short,0.123914327,goidé,123.914327
SOC,LA_1229d1u1,d,C+,Medial,ii,short,0.116259158,fidil,116.259158
SOC,LA_1229d1u1,d,C+,Medial,ii,short,0.098809608,fhidil,98.809608
SOC,LA_1229d1u1,d,C+,Medial,a,short,0.108660601,B'fhada,108.660601
SOC,LA_1230d1u1,d,C+,Medial,a,short,0.092136702,maidin,92.136702
SOC,LA_1230d1u1,d,C+,Medial,oo,short,0.177951811,Goidé,177.951811
SOC,LA_1230d1u1,d,C+,Medial,ee,short,0.099718916,goidé,99.718916
SOC,LA_1230d1u1,d,C+,Medial,ee,short,0.141294829,goidé,141.294829
SOC,LA_1230d1u1,d,C+,Medial,ee,short,0.106479358,goidé,106.479358
SOC,LA_1230d1u1,d,C+,Medial,oo,short,0.106490437,goidé,106.490437
SOC,LA_1230d1u1,d,C+,Medial,a,short,0.1014715,maidin,101.4715
SOC,LA_1230d1u1,d,C+,Medial,a,short,0.120317613,maidin,120.317613
SOC,LA_1230d1u1,d,C+,Medial,oo,short,0.087128753,goidé,87.128753
SOC,LA_1230d1u1,d,C+,Medial,oo,short,0.094806514,Goidé,94.806514
SOC,LA_1230d2u1,d,C+,Medial,e,short,0.076124761,Creidim,76.124761
SOC,LA_1230d2u1,d,C+,Medial,a,short,0.075468711,Aidim,75.468711
SMacM,LA_1249d1u1,d,C+,Medial,a,short,0.066645698,mhaidin,66.645698
SMacM,LA_1249d1u1,d,C+,Medial,oo,short,0.073118015,goidé,73.118015
SMacM,LA_1249d1u1,d,C+,Medial,a,short,0.068962984,dadaí,68.962984
SMacM,LA_1249d1u1,d,C+,Medial,a,short,0.060237469,maidin,60.237469
SMacM,LA_1249d1u1,d,C+,Medial,a,short,0.069659412,dadaí,69.659412
SMacM,LA_1249d1u1,d,C+,Medial,a,short,0.070656933,dadaí,70.656933
SMacM,LA_1249d1u1,d,C+,Medial,a,short,0.074551407,maidin,74.551407
PMacC,LA_1252d1u1,d,C+,Medial,uu,short,0.106995279,maidin,106.995279
PMacC,LA_1252d1u1,d,C+,Medial,ee,short,0.0596939,Goidé,59.6939
PMacC,LA_1252d1u1,d,C+,Medial,oo,short,0.059079417,goidé,59.079417
PMacC,LA_1252d2u1,d,C+,Medial,E,short,0.069668587,chreidim,69.668587
PMacC,LA_1253d1u1,d,C+,Medial,ee,short,0.058736567,dadaí,58.736567
PMacC,LA_1253d1u1,d,C+,Medial,a,short,0.064111325,dadaí,64.111325
PMacC,LA_1253d1u1,d,C+,Medial,oo,short,0.041066388,Goidé,41.066388
PMacC,LA_1253d1u1,d,C+,Medial,a,short,0.05951178,saighdiúir,59.51178
PMacC,LA_1253d1u1,d,C+,Medial,oo,short,0.089087077,goidé,89.087077
PMacC,LA_1253d1u1,d,C+,Medial,oo,short,0.042920248,goidé,42.920248
PMacC,LA_1253d1u1,d,C+,Medial,a,short,0.050011167,dadaí,50.011167
PMacC,LA_1253d1u1,d,C+,Medial,a,short,0.042241526,dadaí,42.241526
PMacC,LA_1253d1u1,d,C+,Medial,a,short,0.040688101,fhaide,40.688101
NMcC,LA_1259d2u1,d,C+,Medial,a,short,0.058609388,Aidím,58.609388
NMcC,LA_1259d2u1,d,C+,Medial,E,short,0.051616784,creideamh,51.616784
DMacGC,LA_1261d1u1,d,C+,Medial,e,short,0.070432836,lady,70.432836
DMacGC,LA_1261d1u1,d,C+,Medial,ee,short,0.068450338,scadán,68.450338
DMacGC,LA_1261d2u1,d,C+,Medial,ee,short,0.051073033,goidé,51.073033
MOC,LA_1262d1u1,d,C+,Medial,a,short,0.059516591,dadaí,59.516591
MOC,LA_1262d1u1,d,C+,Medial,a,short,0.06618696,fada,66.18696
MOC,LA_1262d1u1,d,C+,Medial,uu,short,0.068940742,chuidigh,68.940742
MOC,LA_1262d1u1,d,C+,Medial,oo,short,0.063146805,goidé,63.146805
MOC,LA_1262d1u1,d,C+,Medial,a,short,0.053897343,maide,53.897343
MOC,LA_1262d1u1,d,C+,Medial,a,short,0.066713238,mhaide,66.713238
MOC,LA_1262d1u1,d,C+,Medial,E,short,0.057437118,Creidim,57.437118
MOC,LA_1263d1u1,d,C+,Medial,a,short,0.061609813,maidin,61.609813
MOC,LA_1263d1u1,d,C+,Medial,a,short,0.067961991,fada,67.961991
MOC,LA_1263d1u1,d,C+,Medial,a,short,0.043847934,maidin,43.847934
MOC,LA_1263d1u1,d,C+,Medial,a,short,0.066414459,dadaí,66.414459
MOC,LA_1264d1u1,d,C+,Medial,a,short,0.061778048,maidin,61.778048
MOC,LA_1264d1u1,d,C+,Medial,a,short,0.0561099,dadaí,56.1099
MOC,LA_1264d1u1,d,C+,Medial,a,short,0.055941065,dadaí,55.941065
MOC,LA_1264d1u1,d,C+,Medial,e,short,0.038238828,Creidim,38.238828
MOC,LA_1264d1u1,d,C+,Medial,uu,short,0.05850247,buidéal,58.50247
MOC,LA_1264d1u1,d,C+,Medial,uu,short,0.060604331,bhuidéal,60.604331
MOC,LA_1264d1u1,d,C+,Medial,uu,short,0.03801561,buidéal,38.01561
MOC,LA_1264d1u1,d,C+,Medial,oo,short,0.058217056,Goidé,58.217056
MOC,LA_1264d1u1,d,C+,Medial,oo,short,0.027813895,goidé,27.813895
MOC,LA_1264d1u1,d,C+,Medial,a,short,0.080483034,fada,80.483034
MOC,LA_1264d1u1,d,C+,Medial,uu,short,0.067808994,bhuidéal,67.808994
MOC,LA_1264d1u1,d,C+,Medial,uu,short,0.042278523,buidéal,42.278523
MOC,LA_1264d1u1,d,C+,Medial,uu,short,0.040024162,buidéal,40.024162
PMacGC,LA_1265d1u1,d,C+,Medial,oo,short,0.040232982,goidé,40.232982
PMacGC,LA_1265d1u1,d,C+,Medial,oo,short,0.048670341,goidé,48.670341
PMacGC,LA_1265d1u1,d,C+,Medial,oo,short,0.052041363,goidé,52.041363
PMacGC,LA_1265d1u1,d,C+,Medial,a,short,0.035485867,maidin,35.485867
PMacGC,LA_1265d2u1,d,C+,Medial,uu,short,0.09209049,Huddens,92.09049
PMacGC,LA_1265d2u1,d,C+,Medial,uu,short,0.052099362,Duddens,52.099362
PMacGC,LA_1265d2u1,d,C+,Medial,uu,short,0.071244896,Huddens,71.244896
PMacGC,LA_1265d2u1,d,C+,Medial,uu,short,0.08612452,Duddens,86.12452
PMacGC,LA_1265d2u1,d,C+,Medial,uu,short,0.082173527,Huddens,82.173527
PMacGC,LA_1265d2u1,d,C+,Medial,uu,short,0.092908355,Duddens,92.908355
PMacGC,LA_1265d2u1,d,C+,Medial,uu,short,0.077894336,Huddens,77.894336
PMacGC,LA_1265d2u1,d,C+,Medial,uu,short,0.07541231,Duddens,75.41231
PMacGC,LA_1266d1u1,d,C+,Medial,uu,short,0.106808988,duid,106.808988
PMacGC,LA_1266d1u1,d,C+,Medial,oo,short,0.045983318,goidé,45.983318
PMacGC,LA_1266d1u1,d,C+,Medial,a,short,0.06771792,fada,67.71792
DOG,LA_1226d1u1,g,C+,Medial,e:,long,0.026715822,Téigí,26.715822
SOC,LA_1229d1u1,g,C+,Medial,a:,long,0.079836451,fágadh,79.836451
SOC,LA_1230d1u1,g,C+,Medial,o:,long,0.063890278,óige,63.890278
SOC,LA_1230d1u1,g,C+,Medial,o:,long,0.076860426,óige,76.860426
SMacM,LA_1249d1u1,g,C+,Medial,a:,long,0.077042931,fágfaidh,77.042931
PMacC,LA_1252d1u1,g,C+,Medial,o:,long,0.064412768,óga,64.412768
PMacC,LA_1252d2u1,g,C+,Medial,o:,long,0.061323226,tógadh,61.323226
DMacGC,LA_1261d1u1,g,C+,Medial,a:,long,0.054877192,fhágáilt,54.877192
MOC,LA_1264d1u1,g,C+,Medial,a:,long,0.04382754,fágáil,43.82754
DOG,LA_1226d1u1,g,C+,Medial,uu,short,0.053461028,chuige,53.461028
DOG,LA_1226d1u1,g,C+,Medial,uu,short,0.055051894,Tuige,55.051894
DOG,LA_1226d1u1,g,C+,Medial,uu,short,0.04089181,Tuige,40.89181
DOG,LA_1226d1u1,g,C+,Medial,a,short,0.05605743,mhagaidh,56.05743
DOG,LA_1226d1u1,g,C+,Medial,uu,short,0.047827988,laige,47.827988
DOG,LA_1227d1u1,g,C+,Medial,oo,short,0.04056577,cogadh,40.56577
DOG,LA_1227d1u1,g,C+,Medial,ii,short,0.041519736,ligean,41.519736
SOC,LA_1228d1u1,g,C+,Medial,ii,short,0.07573127,ligeant,75.73127
SOC,LA_1229d1u1,g,C+,Medial,E,short,0.096161168,beaga,96.161168
SOC,LA_1229d1u1,g,C+,Medial,ii,short,0.095216376,laige,95.216376
SOC,LA_1229d1u1,g,C+,Medial,ii,short,0.150087967,laige,150.087967
SOC,LA_1229d1u1,g,C+,Medial,E,short,0.090964793,beaga,90.964793
SOC,LA_1229d1u1,g,C+,Medial,E,short,0.109370907,beaga,109.370907
SOC,LA_1229d1u1,g,C+,Medial,E,short,0.083697267,beaga,83.697267
SOC,LA_1229d1u1,g,C+,Medial,E,short,0.062309633,beaga,62.309633
SOC,LA_1229d1u1,g,C+,Medial,E,short,0.0661807,beaga,66.1807
SOC,LA_1229d1u1,g,C+,Medial,uu,short,0.059257266,Tugadh,59.257266
SOC,LA_1230d1u1,g,C+,Medial,ii,short,0.097429667,uige,97.429667
SMacM,LA_1249d1u1,g,C+,Medial,E,short,0.057295291,bheagán,57.295291
SMacM,LA_1249d1u1,g,C+,Medial,ii,short,0.084112567,ligfidh,84.112567
SMacM,LA_1249d1u1,g,C+,Medial,a,short,0.064406454,gclaiginn,64.406454
PMacC,LA_1252d1u1,g,C+,Medial,a,short,0.064367722,agallamh,64.367722
PMacC,LA_1252d1u1,g,C+,Medial,ii,short,0.049674227,'uige,49.674227
DMacGC,LA_1261d1u1,g,C+,Medial,a,short,0.051419106,agus,51.419106
DMacGC,LA_1261d2u1,g,C+,Medial,a,short,0.05403717,agus,54.03717
DMacGC,LA_1261d2u1,g,C+,Medial,uu,short,0.051087124,thug,51.087124
DMacGC,LA_1261d2u1,g,C+,Medial,ii,short,0.064860066,phigín,64.860066
MOC,LA_1262d1u1,g,C+,Medial,uu,short,0.030810156,dtugann,30.810156
MOC,LA_1262d1u1,g,C+,Medial,ii,short,0.054842223,dtigeadh,54.842223
MOC,LA_1262d1u1,g,C+,Medial,a,short,0.092721215,magadh,92.721215
MOC,LA_1263d1u1,g,C+,Medial,oo,short,0.055080545,cogadh,55.080545
MOC,LA_1263d1u1,g,C+,Medial,uu,short,0.052287457,dtugann,52.287457
MOC,LA_1263d1u1,g,C+,Medial,uu,short,0.041608322,dtugann,41.608322
MOC,LA_1263d1u1,g,C+,Medial,o,short,0.058935951,Leoga,58.935951
MOC,LA_1264d1u1,g,C+,Medial,ii,short,0.058538386,dtigeadh,58.538386
MOC,LA_1264d1u1,g,C+,Medial,a,short,0.090118085,magadh,90.118085
MOC,LA_1264d1u1,g,C+,Medial,uu,short,0.065402766,chuige,65.402766
PMacGC,LA_1265d2u1,g,C+,Medial,a,short,0.031337717,mbaga,31.337717
PMacGC,LA_1265d2u1,g,C+,Medial,ii,short,0.056074265,ligfidh,56.074265
PMacGC,LA_1265d2u1,g,C+,Medial,a,short,0.034980425,baga,34.980425
PMacGC,LA_1265d2u1,g,C+,Medial,a,short,0.054397664,baga,54.397664
PMacGC,LA_1265d2u1,g,C+,Medial,a,short,0.054603904,bhaga,54.603904
PMacGC,LA_1265d2u1,g,C+,Medial,a,short,0.049274045,bhaga,49.274045
PMacGC,LA_1265d2u1,g,C+,Medial,a,short,0.053032665,mbaga,53.032665
DOG,LA_1227d1u1,l,C+,Medial,e:,long,0.028718563,chéile,28.718563
DOG,LA_1227d1u1,l,C+,Medial,e:,long,0.059463594,chéile,59.463594
SOC,LA_1228d1u1,l,C+,Medial,o:,long,0.056490095,eolais,56.490095
SOC,LA_1229d1u1,l,C+,Medial,e:,long,0.068910216,scéala,68.910216
SOC,LA_1229d1u1,l,C+,Medial,i:,long,0.059171399,Baollach,59.171399
SMacM,LA_1249d1u1,l,C+,Medial,e:,long,0.068940276,chéile,68.940276
MOC,LA_1262d1u1,l,C+,Medial,o:,long,0.041762124,dtólamh,41.762124
MOC,LA_1262d1u1,l,C+,Medial,u:,long,0.047499117,súile,47.499117
MOC,LA_1263d1u1,l,C+,Medial,e:,long,0.040124363,Gaeilic,40.124363
PMacGC,LA_1266d1u1,l,C+,Medial,a:,long,0.055366856,ráilí,55.366856
DOG,LA_1226d1u1,l,C+,Medial,a,short,0.043379387,talamh,43.379387
DOG,LA_1226d1u1,l,C+,Medial,uu,short,0.033519105,fuile,33.519105
DOG,LA_1226d1u1,l,C+,Medial,E,short,0.037303441,eile,37.303441
DOG,LA_1226d1u1,l,C+,Medial,uu,short,0.02724148,chuala,27.24148
DOG,LA_1226d1u1,l,C+,Medial,a,short,0.03097469,bhaile,30.97469
DOG,LA_1226d1u1,l,C+,Medial,a,short,0.033750808,talamh,33.750808
DOG,LA_1226d1u1,l,C+,Medial,ee,short,0.036615047,bhaile,36.615047
DOG,LA_1226d1u1,l,C+,Medial,E,short,0.055177671,eile,55.177671
DOG,LA_1226d1u1,l,C+,Medial,uu,short,0.027879831,fuile,27.879831
DOG,LA_1227d1u1,l,C+,Medial,uu,short,0.060963411,choillidh,60.963411
DOG,LA_1227d1u1,l,C+,Medial,E,short,0.042095463,eile,42.095463
DOG,LA_1227d1u1,l,C+,Medial,a,short,0.048920883,chualaidh,48.920883
DOG,LA_1227d1u1,l,C+,Medial,E,short,0.044760805,eile,44.760805
DOG,LA_1227d1u1,l,C+,Medial,uu,short,0.030810945,Chualaidh,30.810945
DOG,LA_1227d1u1,l,C+,Medial,uu,short,0.047302023,fuile,47.302023
DOG,LA_1227d1u1,l,C+,Medial,ee,short,0.030555632,seileán,30.555632
DOG,LA_1227d1u1,l,C+,Medial,ee,short,0.031089162,seileán,31.089162
DOG,LA_1227d1u1,l,C+,Medial,ee,short,0.032700914,seileán,32.700914
DOG,LA_1227d1u1,l,C+,Medial,E,short,0.041213659,eile,41.213659
DOG,LA_1227d1u1,l,C+,Medial,oo,short,0.05007489,choillidh,50.07489
DOG,LA_1227d1u1,l,C+,Medial,oo,short,0.150573956,ceol,150.573956
DOG,LA_1227d1u1,l,C+,Medial,a,short,0.039962118,talamh,39.962118
SOC,LA_1228d1u1,l,C+,Medial,u,short,0.047745526,Ghaeilic,47.745526
SOC,LA_1228d2u1,l,C+,Medial,ii,short,0.099176935,Cille,99.176935
SOC,LA_1228d2u1,l,C+,Medial,a,short,0.039774552,chailís,39.774552
SOC,LA_1228d2u1,l,C+,Medial,a,short,0.079334864,bealaigh,79.334864
SOC,LA_1228d2u1,l,C+,Medial,a,short,0.044865555,cailís,44.865555
SOC,LA_1228d2u1,l,C+,Medial,ii,short,0.101623953,Cille,101.623953
SOC,LA_1228d2u1,l,C+,Medial,a,short,0.04875925,mBaile,48.75925
SOC,LA_1228d2u1,l,C+,Medial,ii,short,0.087310198,pilleadh,87.310198
SOC,LA_1228d2u1,l,C+,Medial,ii,short,0.111852859,Cille,111.852859
SOC,LA_1228d2u1,l,C+,Medial,a,short,0.033790678,chailís,33.790678
SOC,LA_1228d2u1,l,C+,Medial,ii,short,0.070013096,Cille,70.013096
SOC,LA_1228d2u1,l,C+,Medial,ii,short,0.102549207,Cille,102.549207
SOC,LA_1228d2u1,l,C+,Medial,a,short,0.037443107,chailís,37.443107
SOC,LA_1228d2u1,l,C+,Medial,ii,short,0.121735046,Cille,121.735046
SOC,LA_1228d2u1,l,C+,Medial,ii,short,0.09137335,Cille,91.37335
SOC,LA_1229d1u1,l,C+,Medial,a,short,0.052072825,oileán,52.072825
SOC,LA_1229d1u1,l,C+,Medial,E,short,0.04168834,bhaile,41.68834
SOC,LA_1229d1u1,l,C+,Medial,a,short,0.052068705,bhaile,52.068705
SOC,LA_1229d1u1,l,C+,Medial,a,short,0.08698877,geall,86.98877
SOC,LA_1229d1u1,l,C+,Medial,E,short,0.042787419,oilean,42.787419
SOC,LA_1229d1u1,l,C+,Medial,oo,short,0.078783784,folláin,78.783784
SOC,LA_1229d1u1,l,C+,Medial,a,short,0.048019552,bhaile,48.019552
SOC,LA_1230d1u1,l,C+,Medial,E,short,0.040616826,bhaile,40.616826
SOC,LA_1230d1u1,l,C+,Medial,E,short,0.053785909,bhaile,53.785909
SOC,LA_1230d1u1,l,C+,Medial,a,short,0.053640758,ghealach,53.640758
SOC,LA_1230d1u1,l,C+,Medial,o,short,0.064293129,fhoghlaim,64.293129
SOC,LA_1230d1u1,l,C+,Medial,a,short,0.04370487,bhaile,43.70487
SOC,LA_1230d1u1,l,C+,Medial,a,short,0.038989552,cailín,38.989552
SOC,LA_1230d1u1,l,C+,Medial,a,short,0.040671861,chailín,40.671861
SOC,LA_1230d1u1,l,C+,Medial,a,short,0.055985631,cailín,55.985631
SMacM,LA_1249d1u1,l,C+,Medial,ee,short,0.064514614,coilleadh,64.514614
SMacM,LA_1249d1u1,l,C+,Medial,oo,short,0.042308127,coilleadh,42.308127
SMacM,LA_1249d1u1,l,C+,Medial,a,short,0.035043123,bhaile,35.043123
SMacM,LA_1249d1u1,l,C+,Medial,a,short,0.06394935,bhaile,63.94935
SMacM,LA_1249d1u1,l,C+,Medial,a,short,0.053173624,bhaile,53.173624
SMacM,LA_1249d1u1,l,C+,Medial,ee,short,0.050983325,coilleadh,50.983325
SMacM,LA_1249d1u1,l,C+,Medial,a,short,0.029364091,bhaile,29.364091
SMacM,LA_1249d1u1,l,C+,Medial,a,short,0.029323679,bhaile,29.323679
SMacM,LA_1249d1u1,l,C+,Medial,ii,short,0.037684879,tuilleadh,37.684879
SMacM,LA_1249d1u1,l,C+,Medial,a,short,0.045659996,bhaile,45.659996
SMacM,LA_1249d1u1,l,C+,Medial,ii,short,0.071415447,coilleadh,71.415447
SMacM,LA_1249d1u1,l,C+,Medial,a,short,0.035890649,bhaile,35.890649
SMacM,LA_1249d1u1,l,C+,Medial,ii,short,0.040981588,mhilis,40.981588
SMacM,LA_1249d1u1,l,C+,Medial,ee,short,0.062961865,eile,62.961865
SMacM,LA_1249d1u1,l,C+,Medial,ee,short,0.042846229,eile,42.846229
SMacM,LA_1249d1u1,l,C+,Medial,a,short,0.045917565,bhaile,45.917565
PMacC,LA_1252d1u1,l,C+,Medial,a,short,0.045010074,cailíní,45.010074
PMacC,LA_1252d1u1,l,C+,Medial,oo,short,0.096102671,goil,96.102671
PMacC,LA_1252d1u1,l,C+,Medial,oo,short,0.16779297,chodladh,167.79297
PMacC,LA_1252d1u1,l,C+,Medial,ii,short,0.139582774,scilling,139.582774
PMacC,LA_1253d1u1,l,C+,Medial,a,short,0.082501132,bhaile,82.501132
PMacC,LA_1253d1u1,l,C+,Medial,a,short,0.033437581,talamh,33.437581
PMacC,LA_1253d1u1,l,C+,Medial,u,short,0.037461615,chuilead,37.461615
NMcC,LA_1259d2u1,l,C+,Medial,u,short,0.046835313,ualach,46.835313
DMacGC,LA_1261d1u1,l,C+,Medial,a,short,0.047741864,cailín,47.741864
DMacGC,LA_1261d1u1,l,C+,Medial,uu,short,0.068416313,uilig,68.416313
DMacGC,LA_1261d2u1,l,C+,Medial,a,short,0.121868018,chaill,121.868018
MOC,LA_1262d1u1,l,C+,Medial,a,short,0.042953011,abhaile,42.953011
MOC,LA_1262d1u1,l,C+,Medial,uu,short,0.072809297,mhullach,72.809297
MOC,LA_1262d1u1,l,C+,Medial,a,short,0.04479357,bhaile,44.79357
MOC,LA_1262d1u1,l,C+,Medial,oo,short,0.040221058,folláin,40.221058
MOC,LA_1263d1u1,l,C+,Medial,a,short,0.046109117,bhaile,46.109117
MOC,LA_1263d1u1,l,C+,Medial,a,short,0.044162893,baile,44.162893
MOC,LA_1263d1u1,l,C+,Medial,ii,short,0.031895421,milis,31.895421
MOC,LA_1263d1u1,l,C+,Medial,oo,short,0.059626387,chodlaigh,59.626387
MOC,LA_1263d1u1,l,C+,Medial,a,short,0.039545836,bhaile,39.545836
MOC,LA_1264d1u1,l,C+,Medial,uu,short,0.046519679,uile,46.519679
MOC,LA_1264d1u1,l,C+,Medial,E,short,0.031354856,eile,31.354856
MOC,LA_1264d1u1,l,C+,Medial,uu,short,0.042922452,uile,42.922452
MOC,LA_1264d1u1,l,C+,Medial,a,short,0.03468893,bealach,34.68893
MOC,LA_1264d1u1,l,C+,Medial,a,short,0.035855792,bhaile,35.855792
MOC,LA_1264d1u1,l,C+,Medial,E,short,0.038758674,eile,38.758674
PMacGC,LA_1265d1u1,l,C+,Medial,E,short,0.061830976,reilic,61.830976
PMacGC,LA_1265d1u1,l,C+,Medial,a,short,0.106885314,talamh,106.885314
PMacGC,LA_1265d1u1,l,C+,Medial,u,short,0.014345159,uilig,14.345159
PMacGC,LA_1265d1u1,l,C+,Medial,E,short,0.047281533,eile,47.281533
PMacGC,LA_1265d2u1,l,C+,Medial,a,short,0.085941576,t-eallach,85.941576
PMacGC,LA_1265d2u1,l,C+,Medial,E,short,0.082657241,eallach,82.657241
PMacGC,LA_1265d2u1,l,C+,Medial,E,short,0.053884361,eile,53.884361
PMacGC,LA_1266d1u1,l,C+,Medial,e,short,0.027967109,eile,27.967109
PMacGC,LA_1266d1u1,l,C+,Medial,E,short,0.027236981,bhaile,27.236981
DOG,LA_1226d1u1,m,C+,Medial,i:,long,0.060381789,bhímid,60.381789
DOG,LA_1227d1u1,m,C+,Medial,a:,long,0.060936807,áiméar,60.936807
DOG,LA_1226d1u1,m,C+,Medial,a,short,0.063269713,tamalt,63.269713
DOG,LA_1226d1u1,m,C+,Medial,ee,short,0.094030894,amuigh,94.030894
DOG,LA_1226d1u1,m,C+,Medial,ee,short,0.076325178,amuigh,76.325178
DOG,LA_1226d1u1,m,C+,Medial,ii,short,0.061317625,D'imigh,61.317625
DOG,LA_1226d1u1,m,C+,Medial,ii,short,0.048125646,D'imigh,48.125646
DOG,LA_1226d1u1,m,C+,Medial,uu,short,0.072888619,suim,72.888619
DOG,LA_1226d1u1,m,C+,Medial,ii,short,0.05519117,d'imigh,55.19117
DOG,LA_1227d1u1,m,C+,Medial,ii,short,0.070182357,imeacht,70.182357
SOC,LA_1228d2u1,m,C+,Medial,a,short,0.093396288,amach,93.396288
SOC,LA_1228d2u1,m,C+,Medial,ii,short,0.070550474,d'imigh,70.550474
SOC,LA_1230d1u1,m,C+,Medial,ii,short,0.082248737,imeacht,82.248737
SOC,LA_1230d1u1,m,C+,Medial,uu,short,0.079398632,Cuma,79.398632
SMacM,LA_1249d1u1,m,C+,Medial,ii,short,0.058628159,d'imigh,58.628159
SMacM,LA_1249d1u1,m,C+,Medial,ii,short,0.068613565,D'imigh,68.613565
SMacM,LA_1249d1u1,m,C+,Medial,ii,short,0.057207704,d'imigh,57.207704
PMacC,LA_1252d1u1,m,C+,Medial,ii,short,0.079893882,D'imigh,79.893882
PMacC,LA_1252d1u1,m,C+,Medial,a,short,0.097212554,amach,97.212554
PMacC,LA_1252d1u1,m,C+,Medial,a,short,0.096038719,amach,96.038719
PMacC,LA_1252d1u1,m,C+,Medial,a,short,0.066265866,amach,66.265866
PMacC,LA_1253d1u1,m,C+,Medial,ee,short,0.061217325,amach,61.217325
PMacC,LA_1253d1u1,m,C+,Medial,ee,short,0.056272101,amach,56.272101
PMacC,LA_1253d1u1,m,C+,Medial,uu,short,0.027049347,cuma,27.049347
PMacC,LA_1253d1u1,m,C+,Medial,ee,short,0.059269044,amach,59.269044
NMcC,LA_1259d2u1,m,C+,Medial,ii,short,0.132418215,liom,132.418215
DMacGC,LA_1261d1u1,m,C+,Medial,ii,short,0.075570053,d'imigh,75.570053
DMacGC,LA_1261d1u1,m,C+,Medial,ii,short,0.069730284,d'imigh,69.730284
DMacGC,LA_1261d1u1,m,C+,Medial,ee,short,0.049986669,tamalt,49.986669
DMacGC,LA_1261d1u1,m,C+,Medial,ii,short,0.078778087,d'imigh,78.778087
DMacGC,LA_1261d1u1,m,C+,Medial,ii,short,0.069440284,d'imigh,69.440284
DMacGC,LA_1261d1u1,m,C+,Medial,ee,short,0.064824838,amach,64.824838
DMacGC,LA_1261d1u1,m,C+,Medial,ii,short,0.069910626,d'imigh,69.910626
DMacGC,LA_1261d1u1,m,C+,Medial,ee,short,0.064412398,amach,64.412398
DMacGC,LA_1261d2u1,m,C+,Medial,ii,short,0.070248433,d'imigh,70.248433
DMacGC,LA_1261d2u1,m,C+,Medial,ii,short,0.067964136,d'imigh,67.964136
DMacGC,LA_1261d2u1,m,C+,Medial,ee,short,0.086521482,amach,86.521482
DMacGC,LA_1261d2u1,m,C+,Medial,a,short,0.071393183,amach,71.393183
DMacGC,LA_1261d2u1,m,C+,Medial,a,short,0.067736442,amach,67.736442
DMacGC,LA_1261d2u1,m,C+,Medial,a,short,0.058483567,pramas,58.483567
DMacGC,LA_1261d2u1,m,C+,Medial,a,short,0.06003465,pramais,60.03465
MOC,LA_1262d1u1,m,C+,Medial,ee,short,0.070321032,amuigh,70.321032
MOC,LA_1262d1u1,m,C+,Medial,ee,short,0.064165392,thiomáin,64.165392
MOC,LA_1263d1u1,m,C+,Medial,a,short,0.048787602,tamall,48.787602
MOC,LA_1264d1u1,m,C+,Medial,uu,short,0.064051811,cuma,64.051811
MOC,LA_1264d1u1,m,C+,Medial,a,short,0.051886722,tamall,51.886722
MOC,LA_1264d1u1,m,C+,Medial,uu,short,0.061680103,cuma,61.680103
PMacGC,LA_1265d2u1,m,C+,Medial,a,short,0.078656841,amach,78.656841
PMacGC,LA_1265d2u1,m,C+,Medial,a,short,0.02931978,amach,29.31978
PMacGC,LA_1266d1u1,m,C+,Medial,ii,short,0.041557876,D'imigh,41.557876
PMacGC,LA_1266d1u1,m,C+,Medial,ii,short,0.051463962,D'imigh,51.463962
PMacGC,LA_1266d1u1,m,C+,Medial,oo,short,0.051068278,thiomáin,51.068278
DOG,LA_1226d1u1,n,C+,Medial,a:,long,0.026802045,Tháinig,26.802045
DOG,LA_1226d1u1,n,C+,Medial,e:,long,0.104864534,chéanna,104.864534
DOG,LA_1226d1u1,n,C+,Medial,a:,long,0.03881371,dtáinig,38.81371
DOG,LA_1226d1u1,n,C+,Medial,a:,long,0.035877523,tháinig,35.877523
DOG,LA_1226d1u1,n,C+,Medial,e:,long,0.045501552,céanna,45.501552
DOG,LA_1226d1u1,n,C+,Medial,a:,long,0.035432691,dtáinig,35.432691
DOG,LA_1226d1u1,n,C+,Medial,i:,long,0.047257756,dinnéir,47.257756
DOG,LA_1226d1u1,n,C+,Medial,a:,long,0.027545522,tháinig,27.545522
DOG,LA_1226d1u1,n,C+,Medial,e:,long,0.071188479,féin,71.188479
DOG,LA_1226d1u1,n,C+,Medial,a:,long,0.036783564,gráinín,36.783564
DOG,LA_1226d1u1,n,C+,Medial,e:,long,0.021650757,déanamh,21.650757
DOG,LA_1226d1u1,n,C+,Medial,a:,long,0.040957503,tháinig,40.957503
DOG,LA_1226d1u1,n,C+,Medial,a:,long,0.029972757,dtáinig,29.972757
DOG,LA_1226d1u1,n,C+,Medial,e:,long,0.087558232,féin,87.558232
DOG,LA_1226d1u1,n,C+,Medial,a:,long,0.034019032,dtáinig,34.019032
DOG,LA_1227d1u1,n,C+,Medial,e:,long,0.036996762,féin,36.996762
DOG,LA_1227d1u1,n,C+,Medial,e:,long,0.042927191,gréine,42.927191
DOG,LA_1227d1u1,n,C+,Medial,e:,long,0.073061782,gréine,73.061782
SOC,LA_1228d2u1,n,C+,Medial,a:,long,0.044873372,tháinig,44.873372
SOC,LA_1228d2u1,n,C+,Medial,a:,long,0.042590857,anáil,42.590857
SOC,LA_1229d1u1,n,C+,Medial,a:,long,0.035338773,Tháinig,35.338773
SOC,LA_1229d1u1,n,C+,Medial,a:,long,0.060530431,fána,60.530431
SOC,LA_1229d1u1,n,C+,Medial,e:,long,0.04330039,dhéanamh,43.30039
SOC,LA_1230d1u1,n,C+,Medial,a:,long,0.025359016,tháinig,25.359016
SOC,LA_1230d1u1,n,C+,Medial,a:,long,0.043980142,tháinig,43.980142
SMacM,LA_1249d1u1,n,C+,Medial,o:,long,0.047114376,gcónaí,47.114376
SMacM,LA_1249d1u1,n,C+,Medial,a:,long,0.048911999,phánaí,48.911999
SMacM,LA_1249d1u1,n,C+,Medial,o:,long,0.052310242,gcónaí,52.310242
SMacM,LA_1249d1u1,n,C+,Medial,e:,long,0.055476301,céanna,55.476301
SMacM,LA_1249d1u1,n,C+,Medial,a:,long,0.042923308,tháinig,42.923308
SMacM,LA_1249d1u1,n,C+,Medial,e:,long,0.072035077,chéanna,72.035077
SMacM,LA_1249d1u1,n,C+,Medial,e:,long,0.059033969,féin,59.033969
SMacM,LA_1249d1u1,n,C+,Medial,e:,long,0.076425501,chéanna,76.425501
SMacM,LA_1249d1u1,n,C+,Medial,a:,long,0.05460665,pánaí,54.60665
PMacC,LA_1252d1u1,n,C+,Medial,a:,long,0.048738169,bána,48.738169
PMacC,LA_1252d1u1,n,C+,Medial,a:,long,0.02004328,bána,20.04328
PMacC,LA_1252d1u1,n,C+,Medial,a:,long,0.035102314,Tháinig,35.102314
PMacC,LA_1252d1u1,n,C+,Medial,a:,long,0.052945528,bána,52.945528
PMacC,LA_1252d2u1,n,C+,Medial,a:,long,0.047906159,Mánus,47.906159
PMacC,LA_1252d2u1,n,C+,Medial,i:,long,0.047189856,daoiní,47.189856
PMacC,LA_1253d1u1,n,C+,Medial,i:,long,0.036762339,críonna,36.762339
DMacGC,LA_1261d1u1,n,C+,Medial,E:,long,0.055315565,tháinig,55.315565
DMacGC,LA_1261d1u1,n,C+,Medial,a:,long,0.049011388,déanamh,49.011388
DMacGC,LA_1261d2u1,n,C+,Medial,o:,long,0.086835541,chónaí,86.835541
MOC,LA_1262d1u1,n,C+,Medial,a:,long,0.025355059,tháinig,25.355059
MOC,LA_1262d1u1,n,C+,Medial,i:,long,0.032566305,caoineadh,32.566305
MOC,LA_1262d1u1,n,C+,Medial,i:,long,0.025270818,caoineadh,25.270818
MOC,LA_1262d1u1,n,C+,Medial,i:,long,0.038185672,caoineadh,38.185672
MOC,LA_1263d1u1,n,C+,Medial,o:,long,0.022001688,Mónadh,22.001688
MOC,LA_1263d1u1,n,C+,Medial,a:,long,0.03201854,tháinig,32.01854
MOC,LA_1263d1u1,n,C+,Medial,e:,long,0.022801735,déanamh,22.801735
MOC,LA_1263d1u1,n,C+,Medial,e:,long,0.034549452,déanamh,34.549452
PMacGC,LA_1265d1u1,n,C+,Medial,a:,long,0.046592499,tháinig,46.592499
PMacGC,LA_1265d2u1,n,C+,Medial,a:,long,0.065571129,tháinig,65.571129
PMacGC,LA_1265d2u1,n,C+,Medial,o:,long,0.052715045,Dónall,52.715045
PMacGC,LA_1265d2u1,n,C+,Medial,a:,long,0.045466029,tháinig,45.466029
DOG,LA_1226d1u1,n,C+,Medial,oo,short,0.060108559,Chonaill,60.108559
DOG,LA_1226d1u1,n,C+,Medial,uu,short,0.043539824,dhuine,43.539824
DOG,LA_1226d1u1,n,C+,Medial,oo,short,0.049305086,dona,49.305086
DOG,LA_1226d1u1,n,C+,Medial,oo,short,0.017527919,pronnfaidh,17.527919
DOG,LA_1226d1u1,n,C+,Medial,ii,short,0.100953239,gcionn,100.953239
DOG,LA_1226d1u1,n,C+,Medial,ii,short,0.02386479,dinnéar,23.86479
DOG,LA_1226d1u1,n,C+,Medial,uu,short,0.037889756,choinne,37.889756
DOG,LA_1226d1u1,n,C+,Medial,a,short,0.040902662,tháinig,40.902662
DOG,LA_1226d1u1,n,C+,Medial,oo,short,0.042027031,choinne,42.027031
DOG,LA_1226d1u1,n,C+,Medial,oo,short,0.03709104,choinne,37.09104
DOG,LA_1226d1u1,n,C+,Medial,E,short,0.032852856,teannadh,32.852856
DOG,LA_1227d1u1,n,C+,Medial,uu,short,0.059528271,cruinniú,59.528271
DOG,LA_1227d1u1,n,C+,Medial,oo,short,0.047294004,choinne,47.294004
DOG,LA_1227d1u1,n,C+,Medial,uu,short,0.057359662,cruinniú,57.359662
DOG,LA_1227d1u1,n,C+,Medial,a,short,0.04383302,fanacht,43.83302
DOG,LA_1227d1u1,n,C+,Medial,ii,short,0.067122512,rinneadh,67.122512
DOG,LA_1227d1u1,n,C+,Medial,ii,short,0.156359297,cheann,156.359297
DOG,LA_1227d1u1,n,C+,Medial,ee,short,0.024592463,gcluinfeá,24.592463
SOC,LA_1228d1u1,n,C+,Medial,a,short,0.041083854,chanúint,41.083854
SOC,LA_1228d1u1,n,C+,Medial,a,short,0.042065212,canúint,42.065212
SOC,LA_1228d2u1,n,C+,Medial,uu,short,0.084960263,duine,84.960263
SOC,LA_1228d2u1,n,C+,Medial,oo,short,0.090062569,Tonna,90.062569
SOC,LA_1229d1u1,n,C+,Medial,ii,short,0.093141292,chineadh,93.141292
SOC,LA_1229d1u1,n,C+,Medial,o,short,0.065489588,chónai,65.489588
SOC,LA_1229d1u1,n,C+,Medial,ee,short,0.043759276,thaínig,43.759276
SOC,LA_1229d1u1,n,C+,Medial,oo,short,0.097904287,choinne,97.904287
SOC,LA_1229d1u1,n,C+,Medial,E,short,0.075297938,lena,75.297938
SOC,LA_1229d1u1,n,C+,Medial,ii,short,0.100254664,duine,100.254664
SOC,LA_1229d1u1,n,C+,Medial,oo,short,0.085938754,choinne,85.938754
SOC,LA_1229d1u1,n,C+,Medial,oo,short,0.098791198,choinne,98.791198
SOC,LA_1230d1u1,n,C+,Medial,ii,short,0.075093124,sine,75.093124
SOC,LA_1230d1u1,n,C+,Medial,oo,short,0.039711948,bronach,39.711948
SOC,LA_1230d1u1,n,C+,Medial,ii,short,0.067596558,sine,67.596558
SOC,LA_1230d1u1,n,C+,Medial,ii,short,0.119791589,sin,119.791589
SOC,LA_1230d1u1,n,C+,Medial,uu,short,0.074866081,gcoinneann,74.866081
SOC,LA_1230d2u1,n,C+,Medial,i,short,0.080299807,bhfianaise,80.299807
SOC,LA_1230d2u1,n,C+,Medial,a,short,0.055873636,Déanaim,55.873636
SOC,LA_1230d2u1,n,C+,Medial,oo,short,0.020143361,onóirim,20.143361
SMacM,LA_1249d1u1,n,C+,Medial,o,short,0.047901919,choinníodh,47.901919
SMacM,LA_1249d1u1,n,C+,Medial,ii,short,0.057283712,cruinnigh,57.283712
SMacM,LA_1249d1u1,n,C+,Medial,ii,short,0.065811504,Duine,65.811504
SMacM,LA_1249d1u1,n,C+,Medial,oo,short,0.061877145,choinne,61.877145
SMacM,LA_1249d1u1,n,C+,Medial,ee,short,0.029863093,duine,29.863093
PMacC,LA_1252d1u1,n,C+,Medial,ii,short,0.075703818,inniu,75.703818
PMacC,LA_1252d1u1,n,C+,Medial,ee,short,0.058907158,choinne,58.907158
PMacC,LA_1252d1u1,n,C+,Medial,a,short,0.057814579,anois,57.814579
PMacC,LA_1252d1u1,n,C+,Medial,ee,short,0.045736594,chonai,45.736594
PMacC,LA_1252d1u1,n,C+,Medial,a,short,0.102026706,anois,102.026706
PMacC,LA_1252d2u1,n,C+,Medial,a,short,0.114866827,aniar,114.866827
PMacC,LA_1252d2u1,n,C+,Medial,ii,short,0.041192377,cineál,41.192377
PMacC,LA_1252d2u1,n,C+,Medial,uu,short,0.030922492,dhuine,30.922492
PMacC,LA_1252d2u1,n,C+,Medial,E,short,0.051420183,seinnim,51.420183
PMacC,LA_1252d2u1,n,C+,Medial,ii,short,0.029516219,minic,29.516219
PMacC,LA_1253d1u1,n,C+,Medial,ii,short,0.040554408,cineál,40.554408
DMacGC,LA_1261d1u1,n,C+,Medial,E,short,0.143033865,ceann,143.033865
DMacGC,LA_1261d2u1,n,C+,Medial,E,short,0.047463653,chonaic,47.463653
MOC,LA_1262d1u1,n,C+,Medial,ii,short,0.037290446,tineadh,37.290446
MOC,LA_1263d1u1,n,C+,Medial,ee,short,0.056311334,choinne,56.311334
MOC,LA_1263d1u1,n,C+,Medial,ii,short,0.059990502,rinneadh,59.990502
MOC,LA_1263d1u1,n,C+,Medial,a,short,0.045563828,bainne,45.563828
MOC,LA_1264d1u1,n,C+,Medial,uu,short,0.053993755,dhuine,53.993755
MOC,LA_1264d1u1,n,C+,Medial,uu,short,0.050371508,duine,50.371508
MOC,LA_1264d1u1,n,C+,Medial,oo,short,0.018430473,chonaic,18.430473
MOC,LA_1264d1u1,n,C+,Medial,a,short,0.038250317,Tháinig,38.250317
MOC,LA_1264d1u1,n,C+,Medial,oo,short,0.057832913,ghloine,57.832913
MOC,LA_1264d1u1,n,C+,Medial,o,short,0.097849871,ghloine,97.849871
MOC,LA_1264d1u1,n,C+,Medial,oo,short,0.042104669,choinne,42.104669
PMacGC,LA_1265d1u1,n,C+,Medial,E,short,0.04030981,ceannaí,40.30981
PMacGC,LA_1265d1u1,n,C+,Medial,a,short,0.019979525,cheannach,19.979525
PMacGC,LA_1265d1u1,n,C+,Medial,oo,short,0.032266058,chluinfeadh,32.266058
PMacGC,LA_1265d2u1,n,C+,Medial,E,short,0.038874317,ceannach,38.874317
PMacGC,LA_1265d2u1,n,C+,Medial,E,short,0.068889993,gceannach,68.889993
PMacGC,LA_1265d2u1,n,C+,Medial,uu,short,0.02944731,nduine,29.44731
